Request_ID,Arrival_Time_sec,Service_Time_sec,Wait_Time_sec,Response_Time_ms
1,0.005214089888631768,0.002047302819134658,0.0,2.0473028191346576
2,0.03865988356549312,0.007806698461517365,0.0,7.8066984615173665
3,0.05329039127155367,0.020631417942820588,0.0,20.63141794282059
4,0.06343419742461981,0.013176077791304737,0.01048761178975445,23.663689581059188
5,0.06531891820753477,0.016427938260737573,0.021778968798144227,38.206907058881804
6,0.06720332145103039,0.010752377151704027,0.03632250381538618,47.074880967090216
7,0.0678681966577935,0.011785538361415323,0.0464100057603271,58.19554412174241
8,0.09021520626312617,0.018917719880502795,0.03584853451640975,54.76625439691253
9,0.100427230192318,0.0028723951554012013,0.044554230467720696,47.426625623121886
10,0.11410778643348012,0.006722176661712414,0.03374606938195977,40.468246043672174
11,0.11433888985569277,0.0025001312910612234,0.040237142621459526,42.73727391252075
12,0.15326730624634066,0.04395558417405329,0.0038088575218728493,47.76444169592614
13,0.17311652339472594,0.028834637873204144,0.027915224547540862,56.749862420745
14,0.17576860811971423,0.00040225101205379086,0.054097777695756716,54.50002870781051
15,0.17799837466137716,0.01222731563195729,0.05227026216614758,64.49757779810486
16,0.18024961269284667,0.025935835574752555,0.06224633976663535,88.18217534138789
17,0.18428020968685196,0.0019915282538785,0.0841515783473826,86.1431066012611
18,0.1925460744741948,0.008392029176459023,0.07787724181391825,86.2692709903773
19,0.198829819660643,0.024708652641255303,0.07998552580392909,104.69417844518442
20,0.20265451957790903,0.00034535523544211816,0.10086947852791839,101.21483376336049
21,0.213169751510129,0.011954104568928854,0.09069960183114051,102.65370640006938
22,0.2148390240515439,0.0035289496474521283,0.1009844338586545,104.51338350610665
23,0.21867808529601504,0.025822486713556757,0.1006743222616355,126.49680897519225
24,0.22374783216513555,0.03542469922622254,0.12142706210607174,156.85176133229427
25,0.23051377314135527,0.028871736812409746,0.15008582035607457,178.9575571684843
26,0.24760195104169874,0.0064286140519845825,0.16186937926814082,168.2979933201254
27,0.25007679395423976,0.019808107067353583,0.16582315040758439,185.63125747493797
28,0.2580993401212745,0.01861427273299079,0.17760871130790323,196.222984040894
29,0.2680716148024941,0.0038434052151953436,0.18625070935967442,190.09411457486974
30,0.26860010202200973,0.01765597541394653,0.1895656273553541,207.22160276930063
31,0.27899269114033876,0.0003770979526890973,0.1968290136509716,197.2061116036607
32,0.28107003838453226,0.00907008640287807,0.1951287643594672,204.19885076234522
33,0.28181741539430233,0.002613762411972857,0.20345147375257516,206.06523616454803
34,0.31485839087771267,0.0012847776747164405,0.1730242606811377,174.30903835585414
35,0.35230983912728125,0.0008007534330438275,0.13685759010628556,137.65834353932937
36,0.3706690788252021,0.011916779496882371,0.11929910384140852,131.21588333829087
37,0.37470561060263274,0.00415326013068567,0.12717935156086024,131.33261169154588
38,0.3758475807693273,0.012901364372203777,0.13019064152485132,143.09200589705512
39,0.38865592258153464,0.0006758993548947432,0.13028366408484776,130.9595634397425
40,0.39510137638803905,0.003787603814176782,0.12451410963323811,128.30171344741487
41,0.39654751232086627,0.0077542351440004955,0.12685557751458765,134.60981265858817
42,0.4041424815223568,0.015640973333379875,0.12701484345709763,142.6558167904775
43,0.4045313006495066,0.0038382960704015897,0.14226699766332773,146.10529373372927
44,0.43120266606498464,0.009832090864021627,0.11943392831825123,129.26601918227283
45,0.4345299746965478,0.0217136165872427,0.12593871055070965,147.65232713795234
46,0.44659948356949203,0.009567565090720861,0.13558281826500812,145.150383355729
47,0.45075000114346564,0.002652156429658495,0.14099986578175538,143.65202221141394
48,0.4589067888757904,0.00024703413744155226,0.13549523447908918,135.7422686165307
49,0.4676981644089215,0.020409816863741815,0.12695089308339963,147.3607099471414
50,0.4699691488478982,0.00021498864160261316,0.14508972550816468,145.3047141497673
51,0.5087781169894118,0.020770577666041703,0.10649574600825373,127.26632367429546
52,0.5253586211798356,0.007527637204695545,0.11068581948387168,118.21345668856719
53,0.5565263369497421,0.02797991842792663,0.08704574091866069,115.02565934658737
54,0.5815502480334553,0.016033725230231253,0.0900017482628741,106.03547349310539
55,0.5916730748377139,0.06182194410847326,0.0959126466888468,157.7345907973201
56,0.620000134607374,0.004318786168482837,0.12940753102766,133.72631719614282
57,0.6210296397068531,0.014575252591114578,0.13269681209666373,147.2720646877783
58,0.6234533585360894,0.0051404900262294086,0.144848345858542,149.98883588477142
59,0.6239676025992764,0.006536873042851913,0.1494745918215844,156.01146486443628
60,0.6283401813415329,0.009875329076281154,0.1516388861221798,161.514215198461
61,0.633808295694802,0.0206891406403239,0.15604610084519188,176.7352414855158
62,0.6373256339526778,0.04140397036841309,0.17321790322763997,214.621873596053
63,0.6569318324553549,0.01462197110339225,0.19501567509337592,209.63764619676817
64,0.6618343546723535,0.005408841935911418,0.20473512397976956,210.14396591568095
65,0.6654988306738452,0.005470695758190242,0.2064794899141893,211.95018567237955
66,0.6741922427094869,0.013378177759736655,0.2032567736367379,216.6349513964746
67,0.6758799999074938,0.002728291200595943,0.21494719419846764,217.67548539906358
68,0.6938853731938797,0.0011706666958066147,0.1996701121126777,200.8407788084843
69,0.694746216180672,0.004379193315941165,0.19997993582169193,204.3591291376331
70,0.7429033977316423,0.00338609106417826,0.15620194758666284,159.58803865084116
71,0.759342106356548,0.0035141468973230554,0.14314933002593544,146.66347692325854
72,0.7618036556955022,0.0026606116595949674,0.14420192758430428,146.86253924389925
73,0.7618651825885682,0.00043004780937347327,0.14680101235083332,147.23106016020682
74,0.7806418134495251,0.0001803560283194906,0.12845442929924988,128.63478532756935
75,0.7942762124204923,0.043999779791123024,0.11500038635660215,159.00016614772517
76,0.8087835780736923,0.00558219746892102,0.14449280049452518,150.07499796344615
77,0.8251748505852868,0.004850387274553178,0.1336837254518516,138.5341127264048
78,0.8260296202021068,0.01138332648626447,0.13767934310958485,149.06266959584934
79,0.8309617610067316,0.0024622525594093334,0.14413052879122457,146.5927813506339
80,0.8323300955023366,0.02994956253739776,0.1452244468550289,175.17400939242665
81,0.8544248685207613,0.015433927818755862,0.153079236374002,168.51316419275787
82,0.8652726595397876,0.0009366363864100695,0.15766537317373153,158.6020095601416
83,0.8697373128870243,0.005405647740333898,0.15413735621290492,159.54300395323884
84,0.870466958062633,0.021129429601408536,0.15881335877763014,179.94278837903877
85,0.8746057175116368,0.028955616031208324,0.17580402893003488,204.75964496124323
86,0.8789758754359049,0.006299874431013923,0.20038948703697512,206.689361467989
87,0.893507828590991,0.009503941725764365,0.19215740831290296,201.66135003866725
88,0.9047843770235023,0.0018276238925679855,0.1903848016061559,192.21242549872397
89,0.9290316204946303,0.04729444686092813,0.16796518202759603,215.25962888852425
90,0.9361323553099226,0.002635381650176833,0.20815889407323196,210.7942757234087
91,0.9375476041278725,0.02860009331493888,0.20937902690545873,237.9791202203976
92,0.9514267857313903,0.010488130594685601,0.22409993861687982,234.5880692115654
93,0.9673200385433555,0.00935822222872194,0.2186948163996002,228.05303862832204
94,0.9764743440420869,0.007188517525924412,0.21889873312959063,226.08725065551494
95,0.9928508992278798,0.0026223502805196265,0.20971069546972199,212.33304575024158
96,1.000415507355772,0.0019422577002336727,0.20476843762234953,206.71069532258323
97,1.0086341611199638,0.0024908489862050676,0.19849204155839129,200.98289054459627
98,1.0148320966078352,0.0020633346355455016,0.19478495505672488,196.8482896922703
99,1.0151181829855032,0.015122407575727966,0.1965622033146024,211.6846108903303
100,1.0163867100431905,0.004309756410730743,0.21041608383264299,214.72584024337382
101,1.0167415287242245,0.0005958300833276848,0.21437102156233978,214.96685164566753
102,1.0279829681789752,0.03477084216526775,0.2037254121909169,238.4962543561846
103,1.0321762649433652,0.021523209700260004,0.23430295759179454,255.82616729205455
104,1.0400700113559673,0.026276545538067544,0.24793242087945244,274.20896641752
105,1.066528517243145,0.052800497690497064,0.24775046053034244,300.55095822083945
106,1.0697145041651817,0.0019103369657618532,0.2973649712988027,299.2753082645645
107,1.0755843038861002,0.005045818548938807,0.293405508543646,298.4513270925848
108,1.0912370721920843,0.014198034754812707,0.28279855878660065,296.9965935414134
109,1.0941237961578332,0.011907954024213374,0.29410986957566454,306.01782359987783
110,1.0950138436972796,0.0016711288479350685,0.3051277760604314,306.79890490836635
111,1.098815402629358,0.01691913002986315,0.302997345976288,319.91647600615124
112,1.1007688288349142,0.002541706672405863,0.317963049800595,320.5047564730008
113,1.1302682742335879,0.0025336775396964306,0.29100531107432714,293.5389886140236
114,1.1486114640167497,0.0076997298429083705,0.27519579883086176,282.89552867377023
115,1.1597613994669778,0.00898794524186919,0.2717455932235422,280.73353846541147
116,1.1825560631394312,0.008677058455294675,0.2579388747929581,266.6159332482527
117,1.2006446069254373,0.0009594590297101374,0.24852738946224662,249.48684849195678
118,1.2029390011071999,0.020993248112914236,0.2471924543101942,268.18570242310847
119,1.2277258167209284,0.0030870149766701557,0.24339888680937993,246.48590178605014
120,1.236338037853886,0.0013870466096940033,0.23787368065309256,239.26072726278647
121,1.2546419077572588,0.021959580984800334,0.22095685735941362,242.91643834421396
122,1.2798001594159947,0.031156763527532792,0.21775818668547808,248.9149502130108
123,1.2840527229317538,0.019814267844749624,0.2446623866972517,264.4766545420014
124,1.2853481913775744,0.016581874697336123,0.2631811860961808,279.76306079351684
125,1.288222488556901,0.0106491250119862,0.27688876361419035,287.5378886261766
126,1.29441201847633,0.008004147815698987,0.28134835870674757,289.3525065224465
127,1.3133434598834293,0.0009100489675235081,0.27042106511534714,271.33111408287067
128,1.3352472929043162,0.005250144999102649,0.24942728106198375,254.67742606108646
129,1.33532480856189,0.0046631207863061614,0.2545999104035126,259.2630311898188
130,1.3432678769989852,0.003007724234762845,0.2513199627527236,254.32768698748643
131,1.3492709138980816,0.012852555799970685,0.24832465008839,261.17720588836056
132,1.3520616621011463,0.006849324839176536,0.2583864576852959,265.2357825244724
133,1.35348033311832,0.0008451944723555855,0.2638171115072987,264.6623059796542
134,1.3580570951167916,0.0024869626118041647,0.26008554398118267,262.57250659298694
135,1.3898695520355822,0.01149670127597249,0.2307600496741964,242.25675095016896
136,1.3942071498453763,0.0007918484019491231,0.23791915314037482,238.71100154232394
137,1.4023344032427114,0.019051986230442047,0.23058374814498883,249.63573437543096
138,1.4158242585413876,0.006834870443120784,0.23614587907675477,242.98074951987547
139,1.4208461974187983,0.00655055137435591,0.23795881064246482,244.50936201682083
140,1.4604883989553727,0.008974880765880749,0.20486716048024634,213.84204124612705
141,1.496955175228055,0.017411479129444768,0.1773752649734448,194.78674410288966
142,1.5001780785057461,0.004274181339452152,0.1915638408251985,195.83802216465074
143,1.5078187371553444,0.01133253897922851,0.18819736351505245,199.52990249428092
144,1.5117957422673338,0.008340933410349735,0.19555289738229154,203.89383079264124
145,1.5155207386715681,0.0031064814560107074,0.20016883438840694,203.2753158444176
146,1.515938343980074,0.021089114354403585,0.20285771053591173,223.94682489031536
147,1.5263882558798805,0.015966501337527327,0.21349691299050888,229.4634143280363
148,1.5341495851335432,0.010742665693848762,0.2217020850743736,232.44475076822235
149,1.5347368194377697,0.019010057185416065,0.23185751646399577,250.86757364941192
150,1.5383659963378848,0.0201962063822053,0.24723839674929682,267.434603131502
151,1.564908895794433,0.01232245320909311,0.24089170367495383,253.21415688404693
152,1.5679517908182339,0.018140868506209325,0.2501712618602461,268.3121303664553
153,1.5696910226069614,0.011955796643719839,0.2665728985777278,278.5286952214476
154,1.577160712712224,0.01139874291728865,0.27105900511618497,282.4577480334736
155,1.6243166791857269,0.009639364190221883,0.23530178155997072,244.94114575019265
156,1.627396066003057,0.013972203916260641,0.24186175893286244,255.83396284912308
157,1.6397866772285825,0.0017269417546127899,0.24344335162359765,245.1702933782105
158,1.6557187619645766,0.021275463180521533,0.22923820864221645,250.51367182273788
159,1.6587335749905299,0.020545033221429355,0.24749885879678457,268.04389201821397
160,1.673208563084889,0.00029683511543022014,0.2535689039238549,253.8657390392851
161,1.6783032608544923,0.017476473762753138,0.24877104126968175,266.2475150324348
162,1.689419969162623,0.0013796390740375565,0.2551308067243041,256.5104457983416
163,1.7005737227974858,0.004081469825093086,0.24535669216347888,249.43816198857195
164,1.709100225574734,0.013606588031607416,0.24091165921132363,254.51824724293104
165,1.710151660672641,0.0017525843472956319,0.2534668121450241,255.21939649231973
166,1.7301921583864888,0.017035674221585723,0.23517889877847198,252.21457300005778
167,1.7344900505383487,0.01784590297012224,0.24791668084819785,265.76258381831997
168,1.736783740611766,0.00708195305309597,0.26346889374490257,270.5508467979985
169,1.73724629349837,6.406348617415166e-05,0.27008829391139466,270.15235739756884
170,1.7471771646605319,0.003383273427118551,0.26022148623540686,263.6047596625255
171,1.7597532950412802,0.009595294943637384,0.25102862928177716,260.62392422541467
172,1.7599391500141521,0.03973163467974408,0.26043806925254276,300.16970393228684
173,1.7679128231758132,0.009991657490890635,0.2921960307706257,302.1876882615162
174,1.7707664248097572,0.0030083969701011704,0.2993340866275722,302.3424835976733
175,1.7822789174936204,0.010051375279415504,0.2908299909138101,300.88136619322546
176,1.7844078532996108,0.0077649700677767134,0.2987524303872351,306.51740045501174
177,1.7974546591614744,0.015134252301294655,0.29347059459314817,308.6048468944429
178,1.80288753361682,0.0011314701729582906,0.3031719724390973,304.3034426120557
179,1.8335580204813122,0.014314084807364829,0.2736329557475634,287.94704055492826
180,1.8352018472973042,0.007792860190698895,0.2863032137389363,294.0960739296352
181,1.8398366521194727,0.03296621277767666,0.2894612691074667,322.4274818851436
182,1.841174921953217,0.0041835608998911115,0.3210892120513993,325.27277295129056
183,1.8699103708104472,0.010013636973450231,0.2965373240940603,306.55096106751057
184,1.8932251897789028,0.026886609755685513,0.283236142099055,310.12275185474067
185,1.8965399383351416,0.0010815299766527462,0.3068080032985019,307.8895332751548
186,1.908526190991185,0.027682539268387686,0.2959032806191113,323.58581988749904
187,1.927409347353843,0.01164385883557969,0.3047026635248411,316.3465223604209
188,1.9364108180281374,0.000702476502911083,0.30734505168612647,308.04752818903734
189,1.9447917003636257,0.0035805241642823983,0.2996666458535491,303.24717001783165
190,1.9478681119796024,0.012315909951213124,0.3001707584018549,312.48666835306807
191,1.9489539579848796,0.0006972592739476132,0.3114008223477909,312.0980816217387
192,1.9742331049314854,0.008726817290949637,0.28681893467513286,295.54575196608266
193,1.9998639319053568,0.0042446913151136115,0.26991492499221126,274.15961630732477
194,2.0110047087885,0.009699961904748347,0.26301883942418147,272.71880132892966
195,2.0156052255641814,0.0004682123927795485,0.2681182845532484,268.58649694602786
196,2.0203781990731997,0.020521128448769126,0.2638135234370096,284.33465188577856
197,2.03476114829239,0.03630194375144341,0.2699517026665883,306.25364641803185
198,2.060028896615804,0.03469835664491751,0.28098589809461805,315.6842547395358
199,2.0842637029424327,0.0138490265696123,0.2914494484129069,305.29847498251917
200,2.1010810606305537,0.0013936119883380578,0.2884811172943982,289.87472928273615
201,2.112495623892417,0.0141990573116036,0.278460166020873,292.65922333247653
202,2.113472198627929,0.0002489422228251131,0.29168264859696436,291.93159081978945
203,2.1154310232355225,0.00022371947734473865,0.28997276621219603,290.1964856895409
204,2.140855806570828,0.003909857702172302,0.2647717023542353,268.6815600564074
205,2.1512168504260014,0.006706876749216801,0.2583205162012341,265.02739295045075
206,2.151319512710568,0.014714489225838567,0.26492473066588396,279.6392198917226
207,2.1525083671709675,0.01149785726890819,0.2784503654313233,289.94822270023144
208,2.1646101714741923,0.0059041498739570855,0.27784641839700663,283.7505682709636
209,2.164666554108101,0.0031969116255840704,0.28369418563705473,286.8910972626386
210,2.1666145076203702,0.058515287616569794,0.28494314375036955,343.4584313669395
211,2.1754555947996916,0.005554417901100342,0.3346173441876181,340.1717620887186
212,2.188536875762523,0.006003620484245429,0.32709048112588723,333.0941016101327
213,2.2002640033418035,0.001786767924545557,0.32136697403085224,323.1537419553976
214,2.203085668534115,0.015838167006373083,0.32033207676308617,336.1702437694594
215,2.2169236384107656,0.011831322380365739,0.3223322738928087,334.1635962731746
216,2.2199327912891302,0.00249448529453176,0.3311544433948099,333.6489286893416
217,2.2243065124993313,0.000859730569023787,0.3292752074791405,330.1349380481642
218,2.2395549297400623,0.011409958207372404,0.3148865208074332,326.29647901480575
219,2.2512079721212044,0.01062795094423143,0.3146434366336637,325.271387577895
220,2.272229706315242,0.0031918584867373966,0.30424965338385723,307.44151187059464
221,2.2841387428504616,0.030131544063851094,0.2955324753353752,325.6640193992264
222,2.293472568468098,0.0016376428319465086,0.3163301937815901,317.9678366135366
223,2.2945654247064136,0.0056622347250341164,0.3168749803752209,322.537215100255
224,2.299658939230936,0.028755684327996547,0.31744370057573246,346.1993849037288
225,2.303082940873812,0.005442571426935501,0.3427753832608529,348.2179546877884
226,2.306190720914506,0.010175650177301028,0.3451101746470946,355.2858248243957
227,2.346327492094094,0.0050682430300913964,0.3151490536448076,320.2172966748988
228,2.351876242061205,0.003205017300668813,0.31466854670778766,317.87356400845647
229,2.3766101888528555,0.04133770529131774,0.29313961721680615,334.4773225081239
230,2.387691682027705,0.005265045758454232,0.32339582933327415,328.6608750917286
231,2.4052897403909097,0.022452525068481322,0.3110628167285241,333.5153417970056
232,2.413050132884118,0.0026130581248389045,0.3257549493037972,328.36800742863613
233,2.422607420691247,0.002396600813788579,0.3188107196215073,321.20732043529586
234,2.4301440143950437,0.00031629049095555003,0.3136707267314991,313.9870172224546
235,2.4325575132319908,0.010545958588759896,0.3115735183855075,322.11947697426746
236,2.446799311043833,0.004596990541722014,0.30787767916242537,312.4746697041472
237,2.450461281803458,0.019977380588267937,0.3088126989445219,328.79007953278983
238,2.4507347982599104,0.006409531147028137,0.3285165630763376,334.92609422336585
239,2.462256673663191,0.03448082341200801,0.3234042188200852,357.8850422320934
240,2.4644226022212448,0.002052121782608384,0.35571911367403963,357.771235456648
241,2.4957679705242817,0.020296855047299105,0.3264258671536111,346.72272220091037
242,2.5299631084441487,0.014987773046742977,0.3125275842810433,327.5153573277865
243,2.5573354404956357,0.014736920438900363,0.30014302527629955,314.8799457151998
244,2.562471967123384,0.01862932610814589,0.3097434190874515,328.37274519559753
245,2.5626450484052943,0.014313921126037271,0.32819966391368727,342.5135850397245
246,2.5919286423756485,0.009840887504235639,0.31322999106937033,323.07087857360585
247,2.598139067676238,0.0014069398592758248,0.31686045327301615,318.2673931322921
248,2.6359262011887052,0.0003306691334998571,0.28048025961982503,280.8109287533247
249,2.6727454842568186,0.025363833018142642,0.24399164568521137,269.35547870335387
250,2.694049784447701,0.009588076894307802,0.24805117851247127,257.639255406779
251,2.6979250740940586,0.015922725389316394,0.2537639657604216,269.68669114973795
252,2.703328317784044,0.0065685836026979465,0.26428344745975263,270.85203106245046
253,2.7244919472560225,0.0012477916417400804,0.2496884015904719,250.93619323221185
254,2.7287269053830303,0.0013374374911633842,0.24670123510520403,248.03867259636723
255,2.7307904455640943,0.011569788149447114,0.24597513241530322,257.54492056475044
256,2.739831967698097,0.005626557199241903,0.24850339843074787,254.12995562998964
257,2.7704018951515086,0.0022379967489163616,0.22356002817657794,225.79802492549427
258,2.783633290682152,0.006764760134093309,0.21256662939485071,219.33138952894416
259,2.7930123166425482,0.0006636305079345966,0.20995236356854807,210.61599407648268
260,2.794148185501985,0.008722054323249507,0.20948012521704573,218.2021795402953
261,2.804754082341071,0.003133327966124574,0.20759628270120967,210.7296106673342
262,2.855982635094919,0.01597307290031962,0.15950105791348612,175.4741308138059
263,2.857659530502055,0.003715883971801938,0.1737972354066697,177.5131193784718
264,2.8657761452240718,0.006073735091953125,0.16939650465645517,175.47023974840846
265,2.889094018978525,0.00011688586050930903,0.1521523659939552,152.2692518544644
266,2.904094399515788,0.0007520522230669786,0.13726887131720122,138.02092354026829
267,2.917361893130251,0.004983924970857172,0.12475342992580529,129.73735489666228
268,2.930831754866079,0.006538088487800127,0.11626749316083451,122.80558164863464
269,2.9357816697806896,0.009163421034919133,0.11785566673402403,127.019087768943
270,2.9396434707169905,0.003448347150744582,0.12315728683264204,126.60563398338675
271,2.958058743019876,0.01187384114389186,0.10819036168050111,120.064202824393
272,2.9765179452319543,0.019669875044031022,0.10160500061231481,121.27487565634576
273,2.9989396124249312,0.015134506386975709,0.09885320846336887,113.98771485034453
274,3.026102012000894,0.0004042501639770316,0.08682531527438186,87.22956543835903
275,3.0340586035223707,0.006549018415021083,0.07927297391688226,85.82199233190346
276,3.0417939854951617,0.0011085355080954614,0.07808661035911246,79.195145867208
277,3.0595823180763673,0.002771312827847182,0.06140681328600239,64.17812611384966
278,3.0712458633528983,0.04317182655229433,0.052514580837318636,95.68640738961287
279,3.0846964261141374,0.0015372890217305864,0.08223584462837374,83.7731336501042
280,3.1023477536136284,0.006909259562090074,0.06612180615061325,73.03106571270312
281,3.1268735700174815,0.009627424349612865,0.04850524930885003,58.13267365846286
282,3.1314567078745665,0.012122233148577383,0.05354953580137778,65.6717689499553
283,3.1366893388604282,0.008201824240381106,0.060439137964093614,68.64096220447458
284,3.1377859615180657,9.818895384563227e-05,0.06754433954683714,67.64252850068297
285,3.1473794507026147,0.003952098359978602,0.05804903931613392,62.001137676112705
286,3.147786162971624,0.007292130935726833,0.06159442540710325,68.88655634283003
287,3.1547484623958697,0.0009196891710405073,0.0619242569185845,62.84394608962485
288,3.16344062445906,0.0043174789108368266,0.0541517840264345,58.46926293727117
289,3.1671920762403327,0.00033766845705524056,0.0547178111559985,55.05547961305357
290,3.17712132657529,0.0008183768960808726,0.045126229278096286,45.94460617417706
291,3.177465493931973,0.005057108535355949,0.045600438817494204,50.65754735285033
292,3.1778884217017818,0.0014238850592466139,0.05023461958304143,51.658504642288165
293,3.197103436918872,0.008382674039181207,0.032443489425197924,40.82616346437895
294,3.2020654927434027,0.01169458563158434,0.035864107639848264,47.558693271432695
295,3.2035753709800407,0.016123757191107594,0.04604881503479463,62.172572225902115
296,3.21178263307203,0.002233313742578472,0.053965310133913036,56.19862387649155
297,3.228112054632538,0.0018330113513507695,0.039869202315983454,41.7022136673344
298,3.230813365781759,0.0011044881728507568,0.03900090251811328,40.105390690964086
299,3.2416491393223867,0.010117841147041305,0.02926961715033638,39.38745829737789
300,3.24264037297783,0.012257949395115994,0.038396224641934484,50.6541740370503
301,3.243229985154611,0.00032095746736032115,0.05006456186026931,50.385519327629694
302,3.251651195606006,0.027521940544489087,0.041964308876234924,69.48624942072401
303,3.2602946449692807,0.0005337048567900804,0.06084280005744924,61.376504914239405
304,3.2715672832826654,0.0077935088809562205,0.05010386660085464,57.89737548181107
305,3.28595573398174,0.01234640004061239,0.04350892478273671,55.85532482334932
306,3.3273285896339617,0.020477035524547608,0.014482469171127388,34.959504695675214
307,3.3353984909587435,0.012520674728720262,0.02688960337089341,39.41027809961373
308,3.339732043337699,0.01618115872596726,0.03507672572065834,51.25788444662538
309,3.3573504208902842,0.004146827491464336,0.03363950689404005,37.786334385504276
310,3.3608598816173525,0.016864545693479234,0.03427687365843601,51.141419351915296
311,3.3672819197426116,0.0008350644975816266,0.044719381226656196,45.55444572423761
312,3.3681897549490967,0.02252050318785216,0.04464661051775254,67.1671137056049
313,3.36847506172178,0.007931716828789294,0.06688180693292178,74.81352376171114
314,3.405001505313653,0.016998976096655186,0.03828708016983784,55.28605626649296
315,3.425087812448265,0.006020609719350464,0.03519974913188095,41.22035885123143
316,3.4383171761460356,0.010316390017200886,0.02799099515346093,38.307385170661675
317,3.444160061084537,0.007473978139587696,0.03246450023216019,39.9384783717478
318,3.446274578152783,0.013152378349869208,0.037823961303502074,50.97633965337111
319,3.4481648086147034,0.0008515489988895617,0.04908610919145051,49.9376581903399
320,3.4513648751605546,0.0006225003131901508,0.04673759164448876,47.360091957679096
321,3.460218104586258,0.002838271575399164,0.03850686253197555,41.345134107374726
322,3.4741497633393332,0.0017381148651515006,0.02741347535429961,29.15159021945124
323,3.4861429894470755,0.020540355570023983,0.017158364111709012,37.69871968173311
324,3.4897920145736196,0.0024745415818055393,0.034049694555188914,36.5242361369944
325,3.524215386779801,0.03724102809434093,0.0021008639308131016,39.34189202515404
326,3.5390933579450814,0.004108231243314294,0.02446392085987359,28.572152103187864
327,3.548073696633207,0.0020103710397885288,0.01959181341506211,21.602184454850626
328,3.5585851463225118,0.015592130975943475,0.011090734765546006,26.682865741489703
329,3.56463001149509,0.010750162053415186,0.02063800056891152,31.38816262232691
330,3.5677929147425798,0.006895451087234338,0.02822525937483711,35.120710462071436
331,3.5726819606239477,0.008104982991156206,0.030231664580703477,38.33664757185984
332,3.5884395367101334,0.012701189397289663,0.022579071485674174,35.28026088296387
333,3.588600626484809,0.0025935994568670674,0.03511917110828833,37.71277056515521
334,3.58997151973192,0.05608631232047705,0.03634187731804417,92.42818963852129
335,3.590494790586948,0.03680639977890095,0.09190491878349327,128.71131856239427
336,3.5909568067193622,0.010507530901325569,0.12824930242998,138.75683333130561
337,3.612447951537314,0.0022257177846889335,0.11726568851335406,119.49140629804278
338,3.625961736111766,0.011401477952753687,0.1059776217235906,117.3790996763442
339,3.633103787160798,0.0007493737183429329,0.1102370486273121,110.98642234565492
340,3.6342477529213295,0.00031132116523619477,0.10984245658512348,110.15377775035961
341,3.6417646192079656,0.0029797875313889656,0.10263691146372356,105.61669899511239
342,3.6488918451201253,0.00621055301873439,0.09848947308295264,104.70002610168683
343,3.6510051197067943,0.020270199251908406,0.10258675151501784,122.85695076692616
344,3.657326221165709,0.01298902978817889,0.11653584930801131,129.52487909619003
345,3.6629744057721894,0.01357537904749322,0.12387669448970984,137.45207353720312
346,3.6736046550267796,0.005542435794074139,0.1268218242826129,132.36426007668723
347,3.6848059276494562,0.0042454853268948265,0.12116298745401055,125.40847278090527
348,3.6853210645830177,0.004636856505472971,0.12489333584734386,129.5301923528167
349,3.6905364424125184,0.043940638915165045,0.12431481452331594,168.2554534384808
350,3.70146005346566,0.0004093574204392867,0.15733184238533937,157.7411998057787
351,3.70923160293908,0.020176429917557387,0.14996965033235865,170.14608024991594
352,3.730802152418807,0.008643517413526624,0.1485755307701888,157.21904818371524
353,3.7427463164638626,0.005773490810346595,0.14527488413865974,151.04837494900636
354,3.744722459450166,0.012919215674888705,0.14907223196270314,161.99144763759188
355,3.745535597630791,0.00666834303599214,0.16117830945696676,167.84665249295873
356,3.756962199265334,0.020669063412677668,0.15642005085841548,177.08911427109308
357,3.757260744517194,0.023096284796203747,0.17679056901923307,199.8868538154368
358,3.7670534931594974,0.005476987013540248,0.19009410517313352,195.57109218667358
359,3.798356331552688,0.0032410790708514194,0.16426825379348298,167.50933286433423
360,3.8078761365035496,0.008973471219409094,0.15798952791347265,166.9629991328816
361,3.813335033083815,0.02434555939523599,0.16150410255261605,185.84966194785224
362,3.8247886681709815,0.0023656089895002456,0.1743960268606859,176.76163585018577
363,3.8315992901048825,0.009754214576995756,0.16995101391628475,179.7052284932801
364,3.8403638941112863,0.009984780002255434,0.1709406244868763,180.9254044891313
365,3.8718986401805418,0.013209300151268555,0.14939065841987587,162.59995857114484
366,3.8773200571510995,0.0014106562970266042,0.15717854160058709,158.5891978976135
367,3.9134210778345078,0.012581649091271099,0.12248817721420524,135.0698263054766
368,3.9396163687652845,0.02397253206289245,0.10887453537469982,132.8470674375919
369,3.9420374383312895,0.0019806456078014455,0.13042599787158693,132.40664347938846
370,3.9428361511679912,0.0027120959168716197,0.13160793064268672,134.32002655955833
371,3.944016432673343,0.03554177038861511,0.13313974505420667,168.68151544282205
372,3.9442207647605345,0.001996430547551579,0.16847718335563044,170.47361390318196
373,3.9453230426678205,0.01926789767756658,0.16937133599589593,188.63923367346214
374,3.958088319029789,0.006778209425535491,0.1758739573114938,182.65216673702912
375,3.958908870440305,0.0028399696999437045,0.18183161532651315,184.67158502645643
376,3.963177283643581,0.02046006001744849,0.18040317182318022,200.86323184062894
377,3.983883128533551,0.0058933732555995575,0.18015738695065897,186.05076020625822
378,3.9841447619022254,0.007232298691011181,0.18578912683758375,193.02142552859536
379,4.002861767526514,0.004450899591778078,0.17430441990430712,178.75531949608535
380,4.0065404727136205,0.008988213426850786,0.17507661430897858,184.06482773582945
381,4.007937696267277,0.0017855729761763136,0.1826676041821731,184.45317715834975
382,4.021194978583276,0.004960709063634736,0.17119589484235043,176.15660390598543
383,4.0322105249880895,0.03487158041821144,0.16514105750117203,200.01263791938317
384,4.055537367366833,0.002985858804240062,0.17668579554063957,179.67165434487953
385,4.07029618490866,0.010692573845171027,0.1649128368030528,175.60541064822388
386,4.088373916086371,0.003933242043889271,0.15752767947051272,161.4609215144016
387,4.092055403445335,0.01484891690707165,0.1577794341554375,172.6283510625093
388,4.09422577340134,0.0014026677961013676,0.17045798110650434,171.860648902606
389,4.109656400023622,0.035006104544244,0.15643002228032366,191.43612682456722
390,4.127925390948549,0.006047509221647378,0.17316713589964028,179.21464512128793
391,4.179669889727886,0.0026925354349772025,0.12747014634195164,130.1626817769286
392,4.185581882551803,0.0007633772255593707,0.12425068895301106,125.01406617857036
393,4.190751259351378,0.0018603794010459394,0.11984468937899528,121.70506878004161
394,4.2073951982774185,0.007334983454295815,0.1050611298540014,112.39611330829734
395,4.212025572398871,0.004109850798051666,0.10776573918684473,111.875589984896
396,4.241693771558864,0.017654098841221575,0.08220739082490347,99.86148966612518
397,4.263414206638489,0.005636771906855924,0.07814105458650022,83.77782649335597
398,4.269640380076734,0.0028596923697585103,0.07755165305511014,80.41134542486894
399,4.285082432482239,0.009600989165734678,0.06496929301936394,74.57028218509888
400,4.300689465669517,0.01226822606959345,0.058963248997820905,71.23147506741478
401,4.301898771434036,0.001827719476858468,0.07002216930289595,71.84988877975407
402,4.327770390110343,0.001834652701307607,0.045978270103447016,47.8129228047548
403,4.335589362218752,0.00037360728009482735,0.03999395069634648,40.36755797644087
404,4.3550486128579,0.013333301207898341,0.020908307337292875,34.24160854519087
405,4.359334562037505,0.01090062525147099,0.02995565936558542,40.856284617056815
406,4.384432234421348,0.006436541696352928,0.015758612233213398,22.195153929565947
407,4.389909883910906,0.018589924906761503,0.016717504440008746,35.307429346770114
408,4.390030959539963,0.016381983211693513,0.03518635371771239,51.56833692940577
409,4.416229929506213,0.008803310136359216,0.02536936696315628,34.17267709951588
410,4.417293547401196,0.020270106265290026,0.03310905920453244,53.379165469822354
411,4.42156747666103,0.0023047185037057354,0.04910523620998841,51.40995471369436
412,4.454867169807566,0.0011869302139028458,0.018110261567158226,19.29719178106115
413,4.488288831364278,0.003143678057281079,0.0,3.1436780572811074
414,4.497755467931558,0.0005878110672996271,0.0,0.5878110672998815
415,4.508858024380341,0.007575140428339439,0.0,7.575140428339289
416,4.515469298420595,0.027583812054019666,0.0009638663880853215,28.547678442104818
417,4.519325107073331,0.0004013841640938223,0.024691869789369214,25.093253953462735
418,4.523752733012779,0.0013023387998311675,0.02066562801401428,21.967966813845052
419,4.536156328345318,0.006018432483019309,0.009564371481306289,15.582803964325542
420,4.551665638052686,0.02716208653875995,7.349425695757361e-05,27.235580795717418
421,4.569090031566255,0.00380025611056787,0.009811187282148914,13.61144339271636
422,4.586410376364574,0.007077225037713452,0.0,7.077225037713575
423,4.587473009103911,0.000424617330010517,0.006014592298376975,6.439209628387843
424,4.595051337954725,0.0016057165133641894,0.0,1.6057165133638307
425,4.595710023581933,0.04314751084533379,0.0009470308861558863,44.0945417314893
426,4.604570704867438,0.03355804307819909,0.03523386044598453,68.79190352418351
427,4.611043541256185,4.952222973827616e-05,0.062319067135436335,62.36858936517464
428,4.635339304191972,0.030326407986788154,0.038072826429387696,68.39923441617569
429,4.64014143329717,0.01019209613568501,0.0635971053109774,73.78920144666256
430,4.641524833047753,0.020243345669765107,0.07240580169608002,92.64914736584551
431,4.643239362542666,0.006064922690920095,0.09093461787093293,96.99954056185334
432,4.659166368621322,0.0072483606869777105,0.08107253448319707,88.32089517017482
433,4.6698653206185226,0.0067108549950886,0.0776219431729741,84.33279816806305
434,4.6710498618656935,0.010992052370655835,0.08314825692089212,94.14030929154826
435,4.672026034328678,0.0015041745420945718,0.0931641368285634,94.66831137065768
436,4.685439461791491,0.0003043198091997127,0.08125488390784508,81.55920371704451
437,4.686278862786222,0.003680680880137809,0.08071980272231372,84.40048360245189
438,4.705447594495206,0.012196983475408395,0.0652317518934673,77.42873536887541
439,4.719058702863317,0.0022546305443661035,0.06381762700076443,66.07225754513024
440,4.720001466758654,0.011191184093319791,0.0651294936497937,76.32067774311312
441,4.7209865097339625,0.0350363039022921,0.07533563476780447,110.37193867009698
442,4.768936049312385,0.0009860639372178696,0.06242239909167413,63.40846302889158
443,4.774145355785189,0.011165790839045363,0.058199156556088205,69.36494739513321
444,4.779290414234914,0.005865378397571736,0.06421988894540753,70.08526734297948
445,4.797907918715833,0.020260316221935165,0.05146776286206123,71.72807908399648
446,4.830598635804313,0.0019498109905864381,0.039037361995515774,40.987172986102216
447,4.878029457355447,0.011796898763803538,0.0,11.796898763803298
448,4.893583893245628,0.018208708615976458,0.0,18.20870861597612
449,4.898828571019174,0.02893432387380273,0.012964030842430141,41.898354716233044
450,4.899797393171374,0.011496362349846221,0.04092953256403309,52.42589491387939
451,4.916477865843092,0.006875126126115396,0.035745422242161595,42.62054836827733
452,4.9255596481493304,0.009619348555509414,0.03353876606203876,43.15811461754837
453,4.931693349541608,0.020318329093679113,0.037024413225270614,57.34274231894965
454,4.958007101491365,0.008453890920690058,0.031028990369192933,39.48288128988331
455,4.959316881579942,0.000308583177339052,0.03817310120130646,38.4816843786453
456,4.966855827239641,0.02672905507299173,0.03094273871894604,57.671793791937986
457,4.966982700455558,0.011696575360111504,0.057544920576020786,69.24149593613205
458,4.974008860117591,0.011285975438794891,0.062215336274099364,73.50131171289398
459,4.974652753796101,0.0024293199801802396,0.07285741803438395,75.28673801456432
460,4.976058209306447,0.010755369936680888,0.07388128250421833,84.63665244089924
461,4.977447389662085,0.005006515648958589,0.08324747208526073,88.25398773421966
462,4.989087038399941,0.010533511356872366,0.0766143389963645,87.14785035323658
463,5.00431590192879,0.0011271306878269606,0.0719189868243868,73.0461175122139
464,5.0140442772310445,0.010724923184658565,0.06331774220995978,74.04266539461801
465,5.050430057332182,0.07441722909704405,0.037656885293480435,112.07411439052439
466,5.055650019309074,0.0004941299889430069,0.10685415241363216,107.34828240257511
467,5.059388565502636,0.03779863112562229,0.10360973620901337,141.40836733463578
468,5.081938593704527,0.005224056824545973,0.11885833913274446,124.08239595729054
469,5.084750616679326,0.020460334610157532,0.12127037298249199,141.73070759264928
470,5.121449173415458,0.015250300569342925,0.10503215085651707,120.2824514258598
471,5.1215850505750025,0.008370551059265525,0.12014657426631548,128.51712532558057
472,5.160502016384775,0.013411267858526586,0.08960015951580846,103.01142737433544
473,5.160992227480536,0.021079691009583398,0.10252121627857402,123.6009072881572
474,5.185633574471202,0.005177500786487027,0.09895956029749087,104.13706108397758
475,5.193968499475084,0.003960592247910065,0.09580213608009558,99.76272832800603
476,5.249044372896485,0.01101396317172307,0.04468685490660551,55.700818078328496
477,5.249896165962645,0.016494578429710735,0.05484902501216826,71.34360344187928
478,5.258864051115238,0.01436683368820512,0.06237571828928612,76.74255197749159
479,5.297570442462527,0.015985654764477754,0.03803616063020243,54.02181539468032
480,5.30579759727565,0.005719624967418865,0.045794660581557345,51.514285548976524
481,5.316826800502108,0.017028381063858632,0.040485082322518906,57.51346338637742
482,5.3300479253700725,0.0012807096265357147,0.044292338518412855,45.57304814494856
483,5.336782678210928,0.00786335628344283,0.03883829530409333,46.701651587536475
484,5.347756835688795,5.7753055162538546e-05,0.035727494109669244,35.785247164831446
485,5.357510456375525,0.003924291909431879,0.02603162647810109,29.95591838753331
486,5.383224153814221,0.004564345626291861,0.004242220948837527,8.806566575129793
487,5.383740947833593,0.0050446703518866745,0.00828977255575758,13.334442907644295
488,5.387405867010246,0.011889765020311444,0.009669523730991614,21.559288751302752
489,5.420783600408701,0.004919353427114065,0.0,4.919353427114359
490,5.445335554058184,0.005954645855639285,0.0,5.954645855639207
491,5.452093056968847,0.0027121064873197793,0.0,2.7121064873201206
492,5.4628478683992805,0.004672104005506762,0.0,4.672104005506661
493,5.4664575730647815,0.0025782509753304885,0.0010623993400056264,3.6406503153365577
494,5.468773174858516,0.0007601308825538722,0.0013250485216023122,2.085179404156534
495,5.475696048178562,0.009249495953184562,0.0,9.249495953184805
496,5.48053997634097,0.01103261475071069,0.004405567790776388,15.438182541487322
497,5.490276017518822,0.009662437301484183,0.005702141363635782,15.364578665120199
498,5.491175154012524,0.006226776150169474,0.014465442171418097,20.692218321587852
499,5.531896933151663,0.004776903447798999,0.0,4.776903447798908
500,5.579495439546691,0.01990212721894755,0.0,19.902127218947463
501,5.592805038234611,0.007320580548015936,0.00659252853102732,13.913109079043195
502,5.601339243061412,0.006523543915152494,0.0053789042522423,11.90244816739483
503,5.605454568634238,0.00025976553942014475,0.007787122594568707,8.046888133988794
504,5.62413131493966,0.004174078814107977,0.0,4.174078814108029
505,5.636957199202425,0.004783513648988052,0.0,4.7835136489879915
506,5.63892912869243,0.005088655141979992,0.0028115841589828605,7.900239300963285
507,5.6657991408257535,0.008679110548652707,0.0,8.67911054865278
508,5.685010190952057,0.007627171043528689,0.0,7.627171043528946
509,5.718251730119095,0.009362513582748198,0.0,9.3625135827482
510,5.7326251079434964,0.014476731287868812,0.0,14.476731287868638
511,5.743185152605623,0.016765704014851647,0.003916686625742294,20.682390640593518
512,5.749204069345546,0.012662847438313909,0.014663473900670354,27.326321338984272
513,5.779193162251625,0.031127987250042052,0.0,31.12798725004229
514,5.801530855363257,0.00018400844582700028,0.008790294138409926,8.974302584237037
515,5.802044999126069,0.0021787991071251294,0.008460158821424812,10.638957928549964
516,5.802341897091253,7.591618531415689e-05,0.010342059963366346,10.417976148680452
517,5.807590205553289,0.010426329264077517,0.005169667686644175,15.595996950721336
518,5.8260751802532456,0.02283082010066477,0.0,22.830820100664617
519,5.874567129900137,0.0027902934427777347,0.0,2.7902934427777026
520,5.876378346677186,0.026177691662237188,0.0009790766657280514,27.15676832796543
521,5.886397503679583,0.0006215990193872064,0.01713761132556879,17.759210344956422
522,5.891724989232451,0.02724728923000118,0.012431724792088872,39.67901402208973
523,5.930655084281073,0.004332824793065384,0.0007489189734677382,5.081743766533364
524,5.951165231030335,0.0010694046139193686,0.0,1.0694046139194668
525,5.971411787102222,0.006652825488994116,0.0,6.652825488994374
526,5.9784386267815535,0.002967585630781719,0.0,2.9675856307820325
527,5.984392348296302,0.0033529499259166195,0.0,3.352949925917059
528,5.987941113764636,0.003671437871612786,0.0,3.671437871612504
529,5.988585857807356,0.016246830199654234,0.003026693828892313,19.273524028546873
530,6.010812814918504,0.007747071381382605,0.0,7.747071381382753
531,6.029436342021281,0.0037296069575345255,0.0,3.72960695753477
532,6.1202412931081485,0.009424647609545124,0.0,9.424647609544756
533,6.18351766422753,0.012593117246481014,0.0,12.593117246480823
534,6.192524904145768,0.0031831174220804605,0.0035858773282431144,6.768994750323998
535,6.2088058273702815,0.005336663339591021,0.0,5.336663339591041
536,6.240985512735553,0.0012997895952140054,0.0,1.2997895952135963
537,6.262038535121211,0.001998535677221387,0.0,1.9985356772211915
538,6.265195784505446,0.011429336926261703,0.0,11.42933692626169
539,6.271849415920999,0.0020020656148364725,0.00477570551070805,6.777771125544341
540,6.273386041968923,0.007447844997321,0.005241145077620857,12.688990074941842
541,6.307610750707164,0.012345909994396855,0.0,12.345909994396997
542,6.31796461406926,0.0011303088352047042,0.0019920466323011254,3.1223554675055
543,6.320849099907243,0.00837738872568147,0.00023786962952243584,8.615258355203714
544,6.333224983675835,0.0029647096009248414,0.0,2.9647096009250973
545,6.343921321839647,0.032948629718079256,0.0,32.94862971807966
546,6.3488482158651705,0.006607683713268071,0.028021735692556504,34.629419405824535
547,6.350187539436265,0.016398587174353593,0.033290095834730415,49.68868300908369
548,6.3625591092531435,0.007990112499936112,0.037317113192204765,45.30722569214074
549,6.370721447299655,0.00044383049279866124,0.03714488764562951,37.588718138428234
550,6.387163748199216,0.010028059835743524,0.021146417238867343,31.174477074610962
551,6.3953227466483655,0.030242005201247327,0.02301547862546105,53.25748382670881
552,6.416564636774015,0.009203284227538246,0.03201559370105933,41.21887792859802
553,6.425484126985365,0.01710302214707729,0.03229938771724772,49.402409864325314
554,6.434629844551812,0.021559465301540334,0.04025669229787887,61.816157599419164
555,6.457882718365476,0.0025887406583650027,0.0385632837857548,41.15202444411992
556,6.463623244076455,0.0023831409418015575,0.03541149873314087,37.79463967494223
557,6.4652219991363475,0.009441270647095304,0.036195884615049856,45.63715526214551
558,6.465546499374482,0.0052937743233357724,0.04531265502401105,50.60642934734716
559,6.481180471070733,0.01831714982168924,0.034972457651096356,53.28960747278533
560,6.491940459593629,0.023028163537128558,0.042529618949888714,65.55778248701749
561,6.505470074569161,0.004360604784235147,0.052028167511485535,56.38877229572081
562,6.508130980052422,0.0027032761460844307,0.053727866812460334,56.431142958544456
563,6.509760008399403,0.015165192957924487,0.05480211461156337,69.96730756948821
564,6.509922802580133,0.0032131612273416576,0.0698045133887586,73.01767461609998
565,6.514719327708078,0.01729428925519035,0.06822114948815461,85.51543874334477
566,6.524623742993244,0.0055119330075541016,0.07561102345817883,81.12295646573298
567,6.5301568748550345,0.011012655032053701,0.07558982460394237,86.60247963599588
568,6.536549314442017,0.001004120172911258,0.08021004004901311,81.21416022192474
569,6.5626055535862555,0.009777920690653742,0.05515792107768647,64.93584176834055
570,6.56736224930209,0.00601056137962785,0.06017914605250585,66.18970743213382
571,6.575379194058449,0.008833601040666049,0.05817276267577487,67.00636371644109
572,6.592388880033113,0.0018393991492315792,0.04999667774177752,51.83607689100889
573,6.598000881491992,0.013351213047485327,0.046224075432129474,59.57528847961502
574,6.6088129978848045,0.019862942632118775,0.0487631720868027,68.62611471892154
575,6.630847893925742,0.0024429032668853937,0.046591218677984436,49.03412194487
576,6.664027787429904,0.0010061021126280096,0.015854228440707274,16.860330553335245
577,6.665795363866736,0.00023922459931573992,0.01509275411650357,15.331978715819261
578,6.694813839011648,0.010271426880495873,0.0,10.27142688049576
579,6.702341647689376,0.00934184973323918,0.0027436182027678058,12.085467936007177
580,6.705660930515502,0.007911954133835657,0.008766185109880809,16.67813924371675
581,6.712489674597399,0.0026389666294128885,0.009849395161819707,12.488361791232805
582,6.755974709014961,0.004957826650652052,0.0,4.957826650652031
583,6.7635135011557095,0.00902576047539322,0.0,9.025760475393163
584,6.767942568179048,0.006867017149919159,0.004596693452054268,11.463710601973709
585,6.779092415667467,0.044051331633813265,0.00031386311355507956,44.36519474736844
586,6.782143843086529,0.0014669161261532731,0.04131376732830638,42.780683454459734
587,6.783020457586265,0.011879175624204636,0.04190406895472343,53.78324457892791
588,6.78455351558307,0.005180496008103995,0.05225018658212299,57.4306825902271
589,6.786075942517148,0.005589653256517157,0.05590825565614921,61.497908912666155
590,6.78790660809,0.012644228614190529,0.05966724333981421,72.31147195400479
591,6.78956727549075,0.011790725753198146,0.07065080455325479,82.44153030645319
592,6.80094598716937,0.0473938680786437,0.07106281862783348,118.45668670647757
593,6.80317650224753,0.0013741812413658311,0.11622617162831705,117.60035286968318
594,6.807889161311917,0.001099372500406554,0.11288769380529651,113.987066305703
595,6.833122207146676,0.012885827656735422,0.08875402047094383,101.63984812767967
596,6.840259775387194,0.008636672504679805,0.09450227988716176,103.13895239184134
597,6.85249632076111,0.0032042659245002615,0.09090240701792585,94.10667294242626
598,6.854597748729034,0.0008275068734779747,0.09200524497450147,92.83275184797901
599,6.856970537406758,0.0008955087106390794,0.09045996317025562,91.35547188089444
600,6.85743417310362,0.02246118512465589,0.09089183618403229,113.35302130868818
601,6.859490254704348,0.00213029031859964,0.11129693970795973,113.4272300265593
602,6.863118567133584,0.003906329929475808,0.10979891759732396,113.70524752679944
603,6.865283142883396,0.002570318300956333,0.11154067177698757,114.11099007794422
604,6.866315208526289,0.004384992348104208,0.11307892443505096,117.46391678315504
605,6.8677436108984375,0.0007195136073162983,0.11603551441100635,116.75502801832226
606,6.874606159158053,0.007320123220255348,0.10989247975870686,117.2126029789622
607,6.877173850339665,0.0007000684637744137,0.11464491179734981,115.34498026112416
608,6.882206973845342,0.01611222042159252,0.1103118567554473,126.42407717703996
609,6.889984809231057,0.0026619730768420603,0.11864624179132477,121.30821486816679
610,6.903012114053419,0.0077655469114859465,0.10828091004580553,116.04645695729144
611,6.903457733276752,0.02120922816489742,0.11560083773395835,136.8100658988558
612,6.9213076693192646,0.010523320404102641,0.11896012985634297,129.48345026044538
613,6.932292043656679,0.007613356325747317,0.11849907592303133,126.11243224877899
614,6.93323977066086,0.003920560424841461,0.12516470524459766,129.08526566943922
615,6.956219045088505,0.004049681012238468,0.10610599124179387,110.15567225403267
616,6.98440452893716,0.011071091505697362,0.08197018840537762,93.04127991107514
617,6.985104782576718,0.05139496674707305,0.09234102627151763,143.73599301859042
618,6.98870674750037,0.010842337269652311,0.14013402809493858,150.97636536459103
619,7.0069393606473325,0.008159555109679813,0.13274375221762824,140.90330732730826
620,7.022265552205269,0.013117455241928113,0.1255771157693717,138.69457101129967
621,7.024531992561511,0.0062587292798240894,0.13642813065505788,142.68685993488185
622,7.027141981796861,0.0006202684348321755,0.14007687069953167,140.69713913436388
623,7.032284038574909,0.00826214260143961,0.13555508235631564,143.81722495775495
624,7.039646955960116,0.03161203427295335,0.1364543075725484,168.06634184550174
625,7.0503469763385445,0.0019273916294070355,0.15736632146707308,159.29371309648045
626,7.0554615603718815,0.01171198758468258,0.15417912906314335,165.89111664782587
627,7.062360350474336,0.0022431134374225796,0.15899232654537165,161.23543998279467
628,7.077651783145334,0.0076749942602644654,0.14594400731179658,153.61900157206065
629,7.078067038171128,0.0010167448370236088,0.15320374654626612,154.2204913832901
630,7.081299667303155,0.005985116578458807,0.15098786225126304,156.97297882972182
631,7.095182910358222,0.014112566585424566,0.14308973577465522,157.20230236007993
632,7.12024698540634,0.004270537614854542,0.13213822731196156,136.40876492681642
633,7.1282111977642115,0.010933612728760884,0.12844455256894527,139.37816529770598
634,7.136650414457024,0.015869426429163502,0.13093894860489375,146.80837503405718
635,7.137909984885253,0.02619734692704209,0.14554880460582797,171.74615153287044
636,7.144500465397292,0.0026741168771555563,0.16515567102083129,167.82978789798707
637,7.152951652053462,0.005096861329145348,0.15937860124181746,164.47546257096323
638,7.156037127645247,0.001653653453224028,0.16138998697917817,163.04364043240227
639,7.159522401110564,0.04890654962048055,0.1595583669670848,208.46491658756517
640,7.164785345386147,0.026173090971585725,0.203201972311982,229.37506328356784
641,7.165010627172262,0.007764355987991228,0.22914978149745302,236.91413748544397
642,7.169329791186219,0.018453709920619718,0.23259497347148717,251.04868339210728
643,7.1719693126931485,0.007359669552982863,0.2484091618851778,255.76883143816076
644,7.176377637473504,0.009770648486217308,0.2513605066578055,261.1311551440227
645,7.177795005287779,0.0009334897954302181,0.2597137873297477,260.64727712517754
646,7.202373670842701,0.014076014351557389,0.23606861157025527,250.14462592181275
647,7.21237810210803,0.0013663733522890711,0.24014019465648406,241.50656800877357
648,7.2250073571957305,0.017490887349353394,0.22887731292107283,246.36820027042637
649,7.242304124222151,0.015233890670186653,0.22907143324400625,244.30532391419302
650,7.249971195576027,0.01233555069093609,0.2366382525603168,248.97380325125252
651,7.250981552181776,0.0003683036805155312,0.24796344664550318,248.3317503260185
652,7.259539978440608,0.0036115404005155017,0.23977332406718688,243.38486446770258
653,7.26936134575029,0.003053201391791275,0.23356349715802072,236.61669854981238
654,7.284563752959272,0.0044650026201951696,0.2214142913408299,225.87929396102524
655,7.290841915730194,0.0009172364057237763,0.21960113119010316,220.51836759582687
656,7.292358412027187,0.02763951300892074,0.21900187129883442,246.64138430775483
657,7.2960668806967615,0.008069930187631816,0.2429329156381801,251.0028458258118
658,7.30107926764648,0.0036459812194760215,0.2459904588760935,249.63644009556953
659,7.3126150966645005,0.005058074311065991,0.23810061107754876,243.15868538861451
660,7.322012671344516,0.005927636022426303,0.23376111070859906,239.6887467310256
661,7.326903857562869,0.00917777670220792,0.2347975605126722,243.97533721487986
662,7.374750477253645,0.007250082520454396,0.196128717524104,203.37880004455843
663,7.385093066236614,0.025181570465176467,0.19303621106158975,218.2177815267661
664,7.388101894333912,0.006870925129207895,0.21520895342946833,222.0798785586764
665,7.3892945943853,0.04848263265360236,0.22088717850728834,269.36981116089066
666,7.391137797636298,0.019066651133282805,0.26752660790989236,286.59325904317524
667,7.394274540407355,0.002338386838394319,0.28345651627211854,285.7949031105127
668,7.3962208167957355,0.026677994605888544,0.28384862672213185,310.52662132802044
669,7.398515169523009,0.0012371277950994294,0.30823226860074726,309.4693963958468
670,7.4022441233920695,0.01700729574010726,0.305740442526786,322.7477382668935
671,7.404359705988324,0.004790416186670972,0.32063215567063885,325.4225718573096
672,7.429590277647835,0.021035237682432362,0.3001920001977991,321.2272378802314
673,7.430519563343301,0.02025382919155627,0.32029795218476487,340.55178137632146
674,7.4387797005667755,0.016395126583574476,0.3322916441528472,348.6867707364221
675,7.444649762305546,0.015607926935642611,0.3428167089976517,358.42463593329387
676,7.489523564150168,0.0036338186959178676,0.3135508340886721,317.18465278459007
677,7.4908438679912495,0.0008438132920074947,0.31586434894350823,316.7081622355159
678,7.496480067921721,0.005158049647422997,0.31107196230504464,316.23001195246746
679,7.535247397523129,0.0019058502336665756,0.2774626823510591,279.3685325847255
680,7.5575389982116645,0.01187283150977474,0.2570769318961901,268.9497634059652
681,7.5764130319231775,0.004248004262131064,0.25007572969445224,254.3237339565829
682,7.579727199517994,0.03713590302127083,0.2510095663617662,288.14546938303744
683,7.581809416548955,0.010243551145361242,0.2860632523520765,296.3068034974379
684,7.594082300978752,0.017286751754099376,0.28403391906764064,301.32067082173995
685,7.623531024256085,0.0014216820876655945,0.27187194754440736,273.29362963207336
686,7.632571584499471,0.019806065433364512,0.26425306938868776,284.0591348220523
687,7.641990779626788,0.02560801448616133,0.274639939694735,300.24795418089667
688,7.645640502191351,0.006676001405482494,0.2965982316163336,303.2742330218161
689,7.661945766173708,0.009320465498249907,0.28696896903945923,296.28943453770876
690,7.664246632641998,0.014473607343318378,0.29398856806941875,308.4621754127372
691,7.668592052787767,0.0019217630845457928,0.3041167552669677,306.03851835151374
692,7.67474921445521,0.006982925482163945,0.2998813566840708,306.8642821662344
693,7.682621269595707,0.005085998156695678,0.2989922270257379,304.07822518243324
694,7.685705853857591,0.0015826211104526104,0.3009936409205487,302.57626203100153
695,7.687061223548081,0.004581294824567315,0.3012208923405115,305.8021871650789
696,7.6975412197417405,0.0007060736270411021,0.29532219097141965,296.0282645984611
697,7.701325257168813,0.00026150879968812646,0.29224422717138854,292.5057359710763
698,7.710996957927618,0.0014521803232856359,0.2828340352122716,284.28621553555723
699,7.7128598996250695,0.032999533399771075,0.2824232738381056,315.42280723787644
700,7.720150137158719,0.007974627665581229,0.30813256970422653,316.1071973698073
701,7.728600662137931,0.033761778318841064,0.30765667239059535,341.418450709436
702,7.72919193604301,0.005665107910082499,0.3408271768043569,346.4922847144401
703,7.733751753836126,0.0037369922833070408,0.3419324669213246,345.6694592046325
704,7.735355635245369,0.007055069747772998,0.34406557779538893,351.1206475431621
705,7.736083104787286,0.0057894689062654835,0.35039317800124525,356.1826469075102
706,7.78720756380279,0.0011167450059839192,0.30505818789200667,306.17493289799035
707,7.791531230719672,0.010239492043974927,0.30185126598110834,312.090758025084
708,7.809976459761559,0.002433949619983307,0.2936455289831965,296.07947860317904
709,7.813241891253708,0.009665002845057637,0.29281404711103054,302.4790499560881
710,7.825954572931712,0.010503968393246197,0.2897663682780838,300.2703366713302
711,7.841821975407581,0.0016490395155444643,0.2844029341954615,286.05197371100655
712,7.851882493120572,0.0006331220895053138,0.27599145599801567,276.62457808752094
713,7.858969789165519,0.015175954932239302,0.2695372820425739,284.71323697481307
714,7.864867098204467,0.006158166220913863,0.27881592793586485,284.97409415677845
715,7.869634246001178,0.0005992390010381586,0.2802069463600674,280.80618536110615
716,7.899107090981409,0.05271931976736666,0.2513333403808753,304.0526601482414
717,7.91883605843854,0.0005951708142442368,0.28432369269111035,284.91886350535543
718,7.956093573876492,0.011875590135001514,0.24766134806740325,259.5369382024053
719,7.957568335452449,0.04115298077656953,0.25806217662644837,299.21515740301794
720,7.9721522394908995,0.0027335861695714702,0.2846312533645676,287.36483953413835
721,8.003109209104913,0.0015344186123358494,0.25640786992012465,257.94228853246005
722,8.00533094032381,0.0012940840602400935,0.2557205573135626,257.0146413738019
723,8.006095499406838,0.003613647059411098,0.25625008229077473,259.86372935018665
724,8.02111097888671,0.001065232035515615,0.24484824987031395,245.91348190582886
725,8.030604613822252,0.011781794699281834,0.2364198469702874,248.20164166956891
726,8.051094359836934,0.0006431646379952709,0.22771189565488648,228.35506029288234
727,8.052767229241537,0.007121712524346369,0.22668219088827968,233.80390341262648
728,8.070390008253002,0.05712879886799935,0.216181124401162,273.3099232691618
729,8.072892005731523,0.016818487766767153,0.27080792579064017,287.62641355740647
730,8.074877730164474,0.009550820766198736,0.28564068912445606,295.191509890655
731,8.076871559681807,0.0036564883308698526,0.2931976803733214,296.8541687041917
732,8.095594929488074,0.009778891428190236,0.2781307988979247,287.90969032611537
733,8.107752858810473,0.007487475558795343,0.27575176100371657,283.2392365625118
734,8.11597925832543,0.005552711613166957,0.2750128370475551,280.56554866072145
735,8.120917718344074,0.0014007892586034513,0.27562708864207686,277.0278779006805
736,8.1442199702029,0.021768710598120477,0.2537256260418541,275.4943366399747
737,8.149756778532872,0.005974455297927822,0.2699575283100035,275.93198360793104
738,8.168602141453405,0.0021644418206141357,0.2570866206873976,259.251062508012
739,8.175027417910226,0.004584851833829353,0.25282578605119177,257.4106378850214
740,8.180284301974867,0.00534656934620134,0.2521537538203802,257.5003231665818
741,8.187186091529307,0.017575777510905333,0.25059853361214124,268.1743111230457
742,8.191171039034092,0.013228103228592783,0.26418936361826084,277.4174668468543
743,8.206468564733392,0.014666583261701917,0.26211994114755477,276.7865244092569
744,8.21423081824112,0.00011092560021533863,0.2690242709015287,269.1351965017432
745,8.217166846363309,0.005381180264409754,0.26619916837955415,271.58034864396365
746,8.24270395580276,0.006565147210381607,0.24604323920451243,252.60838641489335
747,8.248085419606745,0.000193788394664463,0.24722692261090806,247.42071100557263
748,8.25679966829761,0.003008527040218263,0.23870646231470793,241.71498935492684
749,8.283127397283273,0.014283246817143781,0.2153872603692637,229.67050718640712
750,8.29400294510391,0.0014746771733388927,0.21879495936576987,220.26963653910946
751,8.295384218613442,0.007663850452648582,0.2188883630295777,226.55221348222554
752,8.326613292879356,0.002423287560768938,0.1953231392163115,197.74642677707988
753,8.337591925423077,0.0001219483024877762,0.18676779423335965,186.8897425358469
754,8.342123328929203,0.0027601896185029933,0.18235833902972054,185.1185286482231
755,8.343789738047164,0.03724455023142878,0.18345211953026208,220.69666976169168
756,8.361345309110279,0.016171531579615473,0.20314109869857688,219.3126302781927
757,8.372098370305421,0.03208347550191233,0.20855956908305018,240.6430445849619
758,8.380569635394854,0.006691456241111679,0.2321717794955287,238.86323573664114
759,8.40549522795637,0.001162374541951925,0.2139376431751252,215.1000177170772
760,8.422761783664104,0.007939834770016944,0.19783346200934382,205.77329677936086
761,8.42458946499884,0.006058276310869285,0.2039456154446242,210.00389175549293
762,8.42874016001435,0.018601908873998093,0.2058531967399837,224.4551056139823
763,8.431914266887114,0.0010323231608662382,0.22128099874121787,222.31332190208343
764,8.447051689796764,0.006699017356298463,0.20717589899243372,213.87491634873257
765,8.447430662461851,0.0016257618371792446,0.213495943683645,215.12170552082387
766,8.456805257532809,0.003925625950137045,0.2057471104498667,209.6727364000035
767,8.472776521042361,0.01336959878024791,0.19370147289045114,207.0710716706987
768,8.496039491535537,0.006462981932916178,0.18380810117752233,190.2710831104386
769,8.500691431463816,0.0047142589642159265,0.18561914318216033,190.33340214637562
770,8.519822631058716,0.005016615401585782,0.17120220255147522,176.21881795306038
771,8.521125340893146,0.006151621609169232,0.17491610811863012,181.06772972779873
772,8.541944718195499,0.01537194201894464,0.16024835242544633,175.620294444391
773,8.543460047423588,0.022264085163237465,0.17410496521630137,196.36905037953943
774,8.549085765548142,0.031085580630222997,0.19074333225498563,221.82891288520779
775,8.566819158473992,0.015460096304556976,0.20409551995935793,219.5556162639143
776,8.568623845028663,0.0037893062560405127,0.21775092970924348,221.54023596528384
777,8.571517100833605,0.011651839346810204,0.2186469801603419,230.29881950715136
778,8.58575091302966,0.0057554749336489386,0.21606500731109612,221.8204822447447
779,8.59989642605179,0.002939290402489777,0.20767496922261408,210.61425962510327
780,8.611283583926651,0.018380437261905785,0.1992271017502425,217.60753901214792
781,8.62443915847207,0.00039184116743756054,0.2044519644667293,204.84380563416772
782,8.633133259596466,0.02320362093040372,0.19614970450977154,219.35332544017604
783,8.636356411810459,0.006189259348392796,0.21613017322618333,222.31943257457587
784,8.641069558408162,0.010139076313345574,0.21760628597687237,227.7453622902179
785,8.643296239236124,0.010769112357162623,0.2255186814622565,236.2877938194199
786,8.669861529673053,0.022549168980590208,0.20972250338249054,232.27167236308156
787,8.679590519169015,0.010124428920042712,0.22254268286711998,232.66711178716193
788,8.68528213760767,0.009517458641108721,0.22697549334850642,236.4929519896144
789,8.692169998789016,0.0006897720078190541,0.22960509080826874,230.2948628160877
790,8.724868040311208,0.007306580419892182,0.19759682129389589,204.9034017137874
791,8.726717701979302,0.001627177737566215,0.20305374004569288,204.6809177832589
792,8.736522642080509,0.01337251919142745,0.19487597768205234,208.24849687348035
793,8.744355913644878,0.007178947323254283,0.20041522530911138,207.59417263236557
794,8.754859739400468,0.011401463466715082,0.1970903468767755,208.4918103434905
795,8.755062808071651,0.00042566119416354356,0.20828874167230715,208.71440286647135
796,8.777914958322103,0.0008860393466847853,0.18586225261601896,186.74829196270437
797,8.807803719840894,0.012599203799829267,0.15685953044391354,169.4587342437437
798,8.81705611388471,0.0007481442963462635,0.1602063401999274,160.95448449627446
799,8.830310233223887,0.0007392292686901208,0.14770036515709783,148.43959442578836
800,8.858726559422172,0.00012182380009795972,0.12002326822750398,120.14509202760237
801,8.872375420015421,0.03135026486219789,0.1064962314343525,137.8464962965502
802,8.874214425672356,0.01337536043015661,0.13600749063961537,149.38285106977213
803,8.883755560670718,0.004357976357336992,0.13984171607141072,144.19969242874765
804,8.89412468130443,0.003517379812300988,0.13383057179503588,137.34795160733705
805,8.900256620236906,0.004303264506668801,0.1312160126748605,135.51927718152967
806,8.915073179168944,0.014901161997316503,0.12070271824949153,135.60388024680847
807,8.945336255677416,0.010828490176285033,0.10534080373833632,116.16929391462172
808,8.974201546933573,0.0020480715510999966,0.08730400265846505,89.35207420956459
809,8.980861150225836,0.001912928814550219,0.08269247091730136,84.605399731851
810,8.9821964691653,0.001035794911943395,0.08327008079238674,84.3058757043309
811,9.028742846822198,0.010797004100335128,0.03775949804743384,48.5565021477683
812,9.049028603609068,0.01445503799223716,0.028270745360897465,42.72578335313426
813,9.05050800316148,0.003079479495535903,0.041246383800721986,44.325863296258206
814,9.078689202505517,0.0002116741845161513,0.016144663952221805,16.356338136738202
815,9.101349468408038,0.0008574490745693609,0.0,0.8574490745694163
816,9.109477817141023,0.034376550028373434,0.0,34.37655002837303
817,9.119419081439124,0.0035018856530362537,0.024435285730271872,27.93717138330898
818,9.125076468588114,0.014663040433040203,0.022279784234319422,36.942824667359986
819,9.125702225801929,0.00979932505488038,0.03631706745354535,46.11639250842536
820,9.13023850231638,0.004811691558293258,0.041580115993973266,46.391807552266684
821,9.148280812439339,0.0023027801895590355,0.028349497429308812,30.65227761886824
822,9.148332398928964,0.0012941008905710118,0.030600691129242463,31.894792019812712
823,9.1528403311133,0.009545456284794805,0.027386859835477395,36.93231612027148
824,9.158482309945018,0.014900285583409176,0.031290337288552905,46.190622871961295
825,9.167047676879728,0.010325556335637089,0.03762525593725208,47.95081227288911
826,9.195091293281427,0.007556656276864724,0.019907195871189387,27.463852148054357
827,9.199815483402435,0.0004285658730910904,0.022739662027046137,23.16822790013795
828,9.204549999913086,0.03457411529753554,0.018433711389487684,53.00782668702375
829,9.219411210487147,0.0160302944884436,0.03814661611296266,54.17691060140584
830,9.226098741303728,0.003464729286376472,0.04748937978482459,50.954109071200904
831,9.228925213233758,0.039105405727172186,0.048127637141170965,87.23304286834299
832,9.23561723935127,0.0092100580446948,0.08054101675083025,89.75107479552591
833,9.237304127372731,0.008732855020448503,0.08806418677406569,96.79704179451498
834,9.239460288519487,0.013786166282050146,0.09464088064775922,108.42704692981009
835,9.247125711217295,0.016700895338438767,0.10076162423200152,117.46251957043974
836,9.253157669175696,0.010685058907480496,0.11143056161203901,122.1156205195193
837,9.280527588456282,0.0013707566198038496,0.09474570123893322,96.1164578587379
838,9.285527972712279,0.004128938923155083,0.09111607360274121,95.24501252589701
839,9.295182443643226,0.026322515064242064,0.08559054159495005,111.91305665919238
840,9.306297896671202,0.002543963878709439,0.10079760363121615,103.34156750992562
841,9.30644435161371,0.004654811094126797,0.10319511256741798,107.84992366154533
842,9.318547331580776,0.00565769226718731,0.09574694369447911,101.40463596166605
843,9.320725760916323,0.005787565409233329,0.0992262066261187,105.01377203535256
844,9.356792408386017,0.009491744805522319,0.06894712456565877,78.4388693711815
845,9.358580707322798,0.02866035383780196,0.07665057043440093,105.31092427220301
846,9.364530719706538,0.0027534872427418646,0.09936091188846241,102.11439913120479
847,9.365521980124877,0.0012954093800495235,0.10112313871286638,102.41854809291517
848,9.429611775848773,0.0021998665189386477,0.03832875236901856,40.52861888795789
849,9.437362296578309,0.02179703081100552,0.03277809815842225,54.575128969426956
850,9.447415844623741,0.010379240810762278,0.04452158092399472,54.90082173475663
851,9.448187311855166,0.003367417778790184,0.05412935450333123,57.496772282121356
852,9.463588825802011,0.016925311877747203,0.0420952583352765,59.02057021302376
853,9.466206635115903,0.019759467391996955,0.05640276089913243,76.16222829113006
854,9.491576800191588,0.018741481279810755,0.05079206321544483,69.53354449525584
855,9.494127787171152,0.02512399543274232,0.06698255751569171,92.10655294843484
856,9.496478569724584,0.002906745724146154,0.08975577039500315,92.66251611914988
857,9.496892284634113,0.014066682208230555,0.09224880120962098,106.31548341785191
858,9.503989904559617,0.006171857078521143,0.09921786349234729,105.3897205708676
859,9.513234839044909,0.018451510870734517,0.09614478608557597,114.5962969563108
860,9.513990027269122,0.013037588019347568,0.11384110873209785,126.87869675144547
861,9.530590056086881,0.01498108753865593,0.11027866793368624,125.25975547234225
862,9.537299329979032,0.010675841906842091,0.11855048158019166,129.22632348703365
863,9.545556637252282,0.0019532019762394585,0.12096901621378287,122.92221819002158
864,9.552014209161033,0.007875170241922046,0.11646464628127084,124.33981652319304
865,9.5577041891752,0.04177926595016945,0.11864983650902694,160.42910245919552
866,9.56681711647673,0.027707993880074326,0.15131617515766393,179.02416903773855
867,9.56869159432963,0.0004413344611758607,0.17714969118483914,177.5910256460147
868,9.57092276195417,0.0018010180115075492,0.17535985802147458,177.16087603298192
869,9.592911087824127,0.0014125114015268525,0.15517255016302478,156.58506156455232
870,9.625365662371513,0.01294553854060387,0.12413048701716711,137.07602555777143
871,9.630557908899014,0.01702569780695846,0.13188377903026982,148.909476837229
872,9.634066035184489,0.0024017700835005287,0.1454013505517544,147.80312063525434
873,9.645541849241093,0.0070492161383952905,0.1363273065786501,143.3765227170447
874,9.651380622214507,0.018369850704778038,0.13753774974363076,155.90760044840835
875,9.651666334978204,0.013197636186471764,0.15562188768471152,168.81952387118383
876,9.653552819459309,0.00781404144953795,0.16693303939007897,174.74708083961764
877,9.667538189013232,0.008924465045700323,0.16076171128569428,169.6861763313944
878,9.679489853261204,0.00710009650068406,0.15773451208342237,164.8346085841066
879,9.679795073904364,0.003531788500016205,0.16452938794094685,168.06117644096298
880,9.682583884725105,0.008324598074681555,0.16527236562022196,173.5969636949033
881,9.68550345782456,0.011675936310968124,0.17067739059544884,182.35332690641746
882,9.697885843633758,0.020661140751074527,0.169970941097219,190.63208184829426
883,9.698107036759225,0.010114021548748544,0.19041088872282685,200.52491027157515
884,9.699328548521462,0.01431800379585526,0.19930339850933798,213.62140230519344
885,9.717206531046976,0.001744386704891238,0.19574341977967968,197.48780648457043
886,9.719391838929774,0.00619074518666376,0.19530249860177307,201.49324378843758
887,9.731144051028892,9.375432164456157e-05,0.18974103168931933,189.83478601096414
888,9.73416681349788,0.002832636673578669,0.18681202354197524,189.6446602155546
889,9.735330591647713,0.012963136856112858,0.188480882065722,201.44401892183515
890,9.738426364052286,0.04804835440886139,0.1983482465172628,246.39660092612382
891,9.752660750864475,0.0010444770971109276,0.23216221411393434,233.20669121104487
892,9.774170043502853,0.005133192567214193,0.21169739857266734,216.8305911398818
893,9.79387283239147,0.016097928189017483,0.19712780225126458,213.22573044028204
894,9.799496637830082,0.0022820086126156373,0.2076019250016703,209.88393361428592
895,9.8117508242568,0.008098719123476157,0.19762974718756787,205.7284663110437
896,9.814299639927121,0.013207736825681356,0.2031796506407222,216.38738746640308
897,9.818154457578371,0.009570748371647658,0.21253256981515278,222.10331818680018
898,9.843338886785382,0.0020828540063345005,0.19691888897978949,199.00174298612328
899,9.843484299989786,0.0043910137052299075,0.1988563297817194,203.24734348695017
900,9.844477490430124,0.015315133748939875,0.20225415304661176,217.56928679555188
901,9.847066937988345,0.008079443351961766,0.21497983923733166,223.05928258929342
902,9.847365721713059,5.243335834244976e-05,0.22276049886457905,222.8129322229222
903,9.849590199527395,0.014312530668276239,0.22058845440858654,234.9009850768624
904,9.859309852068998,0.00035949877311554205,0.22518133253525896,225.54083130837375
905,9.865389700050862,0.013693734613530439,0.21946098332650976,233.1547179400406
906,9.890188178059994,0.002262490686518722,0.20835623993090913,210.61873061742807
907,9.909084799204654,0.03171836719559786,0.19172210947276724,223.4404766683653
908,9.913732274817644,0.004587721412896034,0.21879300105537602,223.38072246827244
909,9.917069233174836,0.003959083443033563,0.22004376411108062,224.00284755411448
910,9.922375231042707,0.001612116083351189,0.2186968496862427,220.30896576959336
911,9.932289872710966,0.0036471318634885724,0.21039432410133507,214.04145596482317
912,9.935757225042247,0.02092735612176639,0.210574103633542,231.5014597553091
913,9.946630138881659,0.056087462307090566,0.22062854591589698,276.71600822298717
914,9.952481650429212,0.004593557682687801,0.27086449667543455,275.458054358122
915,9.961404621168265,0.0059531406051036954,0.2665350836190683,272.48822422417265
916,9.9677704588915,0.012803893712449096,0.2661223865009372,278.9262802133869
917,9.971646014172194,0.021732756794630142,0.27505072493269367,296.7834817273243
918,10.004593427740552,0.008990510286786168,0.263836068158966,272.826578445752
919,10.020618477782026,0.004968005994559314,0.25680152840427795,261.7695343988373
920,10.022295749983392,0.005320864431503373,0.26009226219747106,265.4131266289745
921,10.044834693624718,0.011894722687558444,0.24287418298764862,254.76890567520627
922,10.052260475065406,3.223453352234625e-05,0.24734312423451854,247.37535876804094
923,10.077255358290847,0.009665039188925853,0.2223804755426002,232.0455147315261
924,10.095129963334513,0.004392696117297495,0.21417090968786034,218.56360580515855
925,10.101282814659609,0.015808374881107957,0.21241075448006264,228.21912936116996
926,10.10153532120936,0.0009760250898985603,0.22796662281141877,228.94264790131658
927,10.105011993962432,0.008872229893778368,0.22546597514824462,234.3382050420235
928,10.113679635692208,0.006557991618936114,0.22567056331224755,232.22855493118288
929,10.124831828269258,0.010281319964746446,0.22107636235413253,231.35768231887965
930,10.128145769157356,0.0006705217851068186,0.2280437414307812,228.71426321588828
931,10.129813262699919,0.008674619670881442,0.2270467696733256,235.7213893442065
932,10.149828674779501,0.008243603206028806,0.2157059772646246,223.94958047065393
933,10.196057832148249,0.00822481893100684,0.17772042310190628,185.9452420329131
934,10.204345549336827,0.009250481327074117,0.17765752484433506,186.908006171409
935,10.206438381155271,0.01128457057823754,0.18481517435296446,196.09974493120143
936,10.209970341952259,0.01634699310115993,0.19256778413421394,208.91477723537298
937,10.210176585145712,0.0031446518612624932,0.2087085340419197,211.85318590318224
938,10.23747534656453,0.01743251688811231,0.18455442448436443,201.98694137247662
939,10.238867358162821,0.006896646162596096,0.20059492977418536,207.4915759367819
940,10.2484144767058,0.0008018918746336913,0.1979444573938025,198.74634926843626
941,10.25197315813472,0.0006033502607505761,0.1951876678395159,195.791018100266
942,10.26094910830591,0.004068235083602549,0.18681506792907676,190.8833030126793
943,10.272658982016866,0.015366381893970082,0.17917342930172353,194.53981119569443
944,10.292330528599337,0.012299093840207843,0.1748682646132238,187.167358453431
945,10.294899445571609,0.015540739964735976,0.18459844148115856,200.13918144589482
946,10.295022298123072,0.0072829583321518815,0.20001632889443144,207.29928722658286
947,10.296657943352931,0.0058017391189790326,0.2056636419967237,211.465381115703
948,10.322244293673522,0.0015952638422688284,0.18587903079511214,187.4742946373811
949,10.345250975363001,0.003977838153323653,0.16446761294790235,168.4454511012259
950,10.355360356587406,0.0056919541721923315,0.15833606987682103,164.0280240490135
951,10.365555731237466,0.0009277387160256173,0.1538326493989537,154.76038811497972
952,10.377708333786439,0.00249246221980613,0.14260778556600684,145.10024778581254
953,10.379850800771312,0.009118637804587609,0.14295778080093946,152.07641860552633
954,10.407164240335437,0.013305309069097009,0.12476297904140132,138.06828811049775
955,10.413193236272617,0.06405472880634143,0.13203929217331734,196.09402097965932
956,10.418561134042926,0.027047556044043155,0.19072612320935,217.7736792533924
957,10.426691322183178,0.010288023098028724,0.20964349111314107,219.9315142111704
958,10.427225818453088,0.005468813099485977,0.21939701794125988,224.86583104074498
959,10.429246504064746,0.010110887957798544,0.22284514542908695,232.95603338688585
960,10.444130271736125,0.015401526347430928,0.21807226571550764,233.47379206293795
961,10.445090585910256,0.0012594446448603402,0.23251347788880672,233.77292253366733
962,10.455359499454534,0.005274715511697289,0.22350400898938894,228.77872450108683
963,10.45848727760565,0.018313465118380307,0.22565094634997074,243.96441146835102
964,10.46396663601593,0.004842371702849132,0.23848505305807066,243.3274247609205
965,10.467751660370977,0.00848333696210045,0.23954240040587393,248.02573736797484
966,10.472635532345675,0.00886172282531739,0.24314186539327665,252.00358821859402
967,10.486741798863884,0.0020392473795035095,0.2378973217003857,239.93656907988913
968,10.490659260415057,0.004497860945489304,0.23601910752871547,240.5169684742052
969,10.499944188534009,0.00407233604088635,0.2312320403552537,235.3043763961402
970,10.507125963941679,0.0002654595521466961,0.22812260098847048,228.38806054061678
971,10.519233363087153,0.00024489191270530316,0.21628066139514246,216.52555330784827
972,10.549921381392853,0.017819896121391395,0.1858375350021486,203.65743112354016
973,10.564575884406798,0.0031892620643003506,0.18900292810959485,192.19219017389477
974,10.567264724553954,0.007299745937185206,0.18950335002673846,196.80309596392397
975,10.567616720985335,0.0035485599007989304,0.1964510995325437,199.99965943334175
976,10.570996379896508,0.02824796036158523,0.19662000052216833,224.86796088375272
977,10.581041498250654,0.003001552182005943,0.21482284252960682,217.82439471161297
978,10.581628112451762,0.0056151701641859045,0.21723778051050502,222.8529506746906
979,10.589249289740941,0.020614464331155928,0.21523177338551136,235.84623771666813
980,10.59934294351858,0.018447398709821285,0.22575258393902864,244.19998264884947
981,10.603863297717893,0.00205919512690562,0.2396796284495366,241.73882357644237
982,10.620237186152858,0.01622742577248794,0.22536493514147793,241.59236091396608
983,10.621489618539131,0.006128341464824549,0.2403399285276926,246.46826999251738
984,10.622357513047934,0.006596521975537926,0.24560037548371483,252.19689745925322
985,10.63683137316145,0.0014327005689790265,0.23772303734573796,239.1557379147162
986,10.644433264568816,0.0008403564207332337,0.23155384650734945,232.39420292808256
987,10.657389294076962,0.013017301014514392,0.21943817341993643,232.4554744344507
988,10.66372956073395,0.006860944145968501,0.22611520777746286,232.97615192343102
989,10.666872852442378,0.005742105041411313,0.22983286021500327,235.57496525641497
990,10.685870893537613,0.01307513601315038,0.21657692416117946,229.65206017432928
991,10.70372113313717,0.014503546989673852,0.21180182057477204,226.3053675644464
992,10.716903897800606,0.0017305443076039949,0.21312260290101115,214.8531472086148
993,10.720433382411583,0.00942186012916847,0.21132366259763735,220.7455227268067
994,10.730346281075176,0.0014543519952787474,0.21083262406321346,212.28697605849158
995,10.735321947470508,0.013918098878273496,0.2073113096631598,221.2294085414328
996,10.736389177855026,0.01069894100615944,0.2201621781569152,230.86111916307493
997,10.764085842783222,0.031376327859603245,0.20316445423487828,234.5407820944807
998,10.765720625547884,0.0007145090750853228,0.23290599932981948,233.62050840490411
999,10.799059410582581,0.0005874702682483747,0.20028172337020678,200.86919363845544
1000,10.805621644058036,0.0033154629359486406,0.19430696016300075,197.62242309894873
